track,SDR,SIR,SAR
AM Contra - Heart Peripheral,-3.291553540669857,8.128702105263159,3.5930245454545457
Al James - Schoolboy Facination,2.1366788717948717,11.84043876923077,1.5325304615384614
Angels In Amplifiers - I'm Alright,-7.521932905027933,4.894860782122905,3.5185003351955313
Arise - Run Run Run,-4.832259381443299,-1.9746798969072168,2.979943453608248
BKS - Bulldozer,-18.466436339285714,-24.210280357142857,-2.580320416666667
BKS - Too Much,3.716908082191781,13.4865148630137,4.001678150684931
Ben Carrigan - We'll Talk About It All Tonight,0.7911523270440252,9.79160062893082,-0.5722576729559748
Bobby Nobody - Stitch Up,1.1447497023809523,6.420550416666667,1.6784726785714286
