track,SDR,SIR,SAR
AM Contra - Heart Peripheral,-3.5227515311004782,7.762820526315791,3.4738783732057414
Al James - Schoolboy Facination,2.1202669743589744,11.728127641025642,1.5261146153846155
Angels In Amplifiers - I'm Alright,-7.677286815642458,4.987619329608939,3.4091521229050277
Arise - Run Run Run,-4.986559639175257,-2.673441288659794,2.6176690206185564
BKS - Bulldozer,-18.53993053731343,-22.967556686567168,-2.772941134328358
BKS - Too Much,3.66130205479452,13.610480890410958,3.9053253424657535
Ben Carrigan - We'll Talk About It All Tonight,0.8945148427672958,9.31198075471698,-0.02293962264150942
Bobby Nobody - Stitch Up,1.1663154166666667,6.788391488095238,1.7146808928571426
